tmc,road,direction,intersection,state,county,zip,start_latitude,start_longitude,end_latitude,end_longitude,miles,road_order,timezone_name,type,country,active_start_date,active_end_date
101+53227,BIRMINGHAM RD,EASTBOUND,HENDERSON RD,GA,FULTON,30004,34.16471,-84.32037,34.16502,-84.29366,1.575709,3.0,America/New_York,P1.11,USA,2024-08-01 14:00:00-04:00,null
101+53228,BIRMINGHAM RD,EASTBOUND,HOPEWELL RD,GA,FULTON,30004,34.16502,-84.29366,34.16273,-84.28781,0.399058,4.0,America/New_York,P1.11,USA,2024-08-01 14:00:00-04:00,null
101N53220,MOUNTAIN RD,WESTBOUND,HOPEWELL RD,GA,FULTON,30004,34.17827,-84.27229,34.17839,-84.27316,0.050541,1.0,America/New_York,P1.11,USA,2024-08-01 14:00:00-04:00,null
101-53241,HAGOOD RD/HAYGOOD RD,SOUTHBOUND,BETHANY WAY/BETHANY RD,GA,FULTON,30004,34.12358,-84.30384,34.11801,-84.30685,0.428971,2.0,America/New_York,P1.11,USA,2024-08-01 14:00:00-04:00,null
101P53241,HAGOOD RD/HAYGOOD RD,NORTHBOUND,BETHANY WAY/BETHANY RD,GA,FULTON,30004,34.11785,-84.307,34.11801,-84.30685,0.013984,1.0,America/New_York,P1.11,USA,2024-08-01 14:00:00-04:00,null
101P53242,HAGOOD RD/HAYGOOD RD,NORTHBOUND,REDD RD,GA,FULTON,30004,34.12358,-84.30384,34.12446,-84.30384,0.060654,3.0,America/New_York,P1.11,USA,2024-08-01 14:00:00-04:00,null
101P53244,PROVIDENCE RD,NORTHBOUND,MAYFIELD RD,GA,FULTON,30009,34.08772,-84.30799,34.08804,-84.30786,0.023282,1.0,America/New_York,P1.11,USA,2024-08-01 14:00:00-04:00,null
101-05153,STATE BRIDGE RD,EASTBOUND,GA-141/MEDLOCK BRIDGE RD,GA,FULTON,30096,34.04083,-84.21975,34.01851,-84.19102,2.289922,6.0,America/New_York,P1.11,USA,2024-08-01 14:00:00-04:00,null
101+53238,REDD RD,EASTBOUND,HAGOOD RD/HAYGOOD RD,GA,FULTON,30004,34.12775,-84.30951,34.12446,-84.30384,0.416218,3.0,America/New_York,P1.11,USA,2024-08-01 14:00:00-04:00,null
101+53239,REDD RD,EASTBOUND,HOPEWELL RD,GA,FULTON,30004,34.12446,-84.30384,34.12443,-84.30247,0.078778,4.0,America/New_York,P1.11,USA,2024-08-01 14:00:00-04:00,null
101-53230,S THOMPSON RD,SOUTHBOUND,REDD RD,GA,FULTON,30004,34.15298,-84.28554,34.12911,-84.30895,2.293547,1.0,America/New_York,P1.11,USA,2024-08-01 14:00:00-04:00,null
101P53230,S THOMPSON RD,NORTHBOUND,REDD RD,GA,FULTON,30004,34.12775,-84.30951,34.12911,-84.30895,0.09953,1.0,America/New_York,P1.11,USA,2024-08-01 14:00:00-04:00,null
101P53231,S THOMPSON RD,NORTHBOUND,HOPEWELL RD,GA,FULTON,30004,34.15298,-84.28554,34.15276,-84.28531,0.03299,3.0,America/New_York,P1.11,USA,2024-08-01 14:00:00-04:00,null
101N53209,MCFARLAND PKWY,SOUTHBOUND,GA-9/ATLANTA HWY,GA,FORSYTH,30004,34.13621,-84.24885,34.13569,-84.24769,0.075535,1.0,America/New_York,P1.11,USA,2024-08-01 14:00:00-04:00,null
101N53208,MCFARLAND PKWY,SOUTHBOUND,UNION HILL RD,GA,FORSYTH,30004,34.13057,-84.23085,34.13022,-84.22988,0.060858,3.0,America/New_York,P1.11,USA,2024-08-01 14:00:00-04:00,null
101P53233,THOMPSON RD,EASTBOUND,HOPEWELL RD,GA,FULTON,30004,34.15295,-84.28528,34.15327,-84.28383,0.091011,1.0,America/New_York,P1.11,USA,2024-08-01 14:00:00-04:00,null
101P14332,GA-9,NORTHBOUND,DEERFIELD PKY,GA,FULTON,30004,34.10591,-84.26957,34.10695,-84.26936,0.07271,5.0,America/New_York,P1.11,USA,2024-08-01 14:00:00-04:00,null
101P14331,GA-9,NORTHBOUND,WEBB RD,GA,FULTON,30004,34.09796,-84.2718,34.09841,-84.27145,0.036943,3.0,America/New_York,P1.11,USA,2024-08-01 14:00:00-04:00,null
101+53209,MCFARLAND PKWY,NORTHBOUND,GA-9/ATLANTA HWY,GA,FORSYTH,30004,34.13059,-84.23024,34.136,-84.24807,1.138609,10.0,America/New_York,P1.11,USA,2024-08-01 14:00:00-04:00,null
101P14334,GA-9,NORTHBOUND,MCFARLAND RD/NINE MCFARLAND DR,GA,FORSYTH,30040,34.13621,-84.24885,34.13631,-84.24879,0.007703,9.0,America/New_York,P1.11,USA,2024-08-01 14:00:00-04:00,null
101P14333,GA-9,NORTHBOUND,BETHANY BND/BETHANY RD,GA,FULTON,30004,34.11804,-84.26995,34.11891,-84.2701,0.060578,7.0,America/New_York,P1.11,USA,2024-08-01 14:00:00-04:00,null
101+53207,MCFARLAND PKWY,NORTHBOUND,GA-400/US-19/TURNER MCDONALD PKWY/HOSPITALITY HWY,GA,FORSYTH,30005,34.11156,-84.22114,34.112,-84.22156,0.03874,6.0,America/New_York,P1.11,USA,2024-08-01 14:00:00-04:00,null
101+53208,MCFARLAND PKWY,NORTHBOUND,UNION HILL RD,GA,FORSYTH,30004,34.11591,-84.22305,34.12986,-84.22876,1.087345,8.0,America/New_York,P1.11,USA,2024-08-01 14:00:00-04:00,null
101P14335,GA-9,NORTHBOUND,GA-371/POST RD/MULLINAX RD,GA,FORSYTH,30040,34.1588,-84.23672,34.15897,-84.23628,0.027801,11.0,America/New_York,P1.11,USA,2024-08-01 14:00:00-04:00,null
101+53205,MCFARLAND PKWY,NORTHBOUND,SHILOH RD,GA,FORSYTH,30005,34.10032,-84.21601,34.10571,-84.21705,0.377128,2.0,America/New_York,P1.11,USA,2024-08-01 14:00:00-04:00,null
101+53206,MCFARLAND PKWY,NORTHBOUND,RONALD REAGAN BLVD,GA,FORSYTH,30005,34.10616,-84.21716,34.11113,-84.22058,0.41567,4.0,America/New_York,P1.11,USA,2024-08-01 14:00:00-04:00,null
101P14337,DEERFIELD PKY,NORTHBOUND,WINDWARD PKY W,GA,FULTON,30004,34.08773,-84.26936,34.08843,-84.26912,0.050251,1.0,America/New_York,P1.11,USA,2024-08-01 14:00:00-04:00,null
101P06954,STATE BRIDGE RD,WESTBOUND,GA-120/KIMBALL BRIDGE RD,GA,FULTON,30005,34.0546,-84.23023,34.0563,-84.23141,0.135404,7.0,America/New_York,P1.11,USA,2024-08-01 14:00:00-04:00,null
101P05624,GA-9,NORTHBOUND,GA-120/OLD MILTON PKY,GA,FULTON,30076,34.07126,-84.29664,34.07148,-84.29646,0.018347,16.0,America/New_York,P1.11,USA,2024-08-01 14:00:00-04:00,null
101P06955,STATE BRIDGE RD,WESTBOUND,JONES BRIDGE RD,GA,FULTON,30022,34.0451,-84.22186,34.04701,-84.22322,0.153038,5.001,America/New_York,P1.11,USA,2024-08-01 14:00:00-04:00,null
101P06956,STATE BRIDGE RD,WESTBOUND,MORTON RD,GA,FULTON,30022,34.03972,-84.21899,34.04082,-84.21951,0.081492,4.001,America/New_York,P1.11,USA,2024-08-01 14:00:00-04:00,null
101P05622,WINDWARD PKY W,WESTBOUND,US-19/GA-400,GA,FULTON,30004,34.08845,-84.26004,34.08809,-84.26302,0.173858,1.0,America/New_York,P1.11,USA,2024-08-01 14:00:00-04:00,null
101P06953,STATE BRIDGE RD,WESTBOUND,GA-120/OLD MILTON PKY,GA,FULTON,30005,34.05733,-84.23214,34.05869,-84.23401,0.144392,9.0,America/New_York,P1.11,USA,2024-08-01 14:00:00-04:00,null
101-53141,CHARLOTTE DR,SOUTHBOUND,MID BROADWELL RD,GA,FULTON,30004,34.09068,-84.33606,34.08825,-84.33502,0.177818,2.0,America/New_York,P1.11,USA,2024-08-01 14:00:00-04:00,null
101P53220,MOUNTAIN RD,EASTBOUND,HOPEWELL RD,GA,FULTON,30004,34.17839,-84.27316,34.17827,-84.27229,0.050541,4.0,America/New_York,P1.11,USA,2024-08-01 14:00:00-04:00,null
101N53319,SARGENT RD,WESTBOUND,MCGINNIS FERRY RD,GA,FORSYTH,30005,34.07028,-84.17846,34.07011,-84.17877,0.021295,1.0,America/New_York,P1.11,USA,2024-08-01 14:00:00-04:00,null
101P14330,GA-9,NORTHBOUND,WINDWARD PKY W,GA,FULTON,30004,34.09432,-84.27868,34.09452,-84.27829,0.026272,1.0,America/New_York,P1.11,USA,2024-08-01 14:00:00-04:00,null
101N53318,SARGENT RD,WESTBOUND,JONES BRIDGE RD,GA,FULTON,30005,34.06885,-84.20644,34.06901,-84.2069,0.029782,3.0,America/New_York,P1.11,USA,2024-08-01 14:00:00-04:00,null
101P53222,HENDERSON RD,NORTHBOUND,BIRMINGHAM RD,GA,FULTON,30004,34.16502,-84.29366,34.16594,-84.29367,0.063414,1.0,America/New_York,P1.11,USA,2024-08-01 14:00:00-04:00,null
101-20109,WATERS RD,SOUTHBOUND,JONES BRIDGE RD,GA,FULTON,30022,34.04562,-84.25873,34.03092,-84.24956,1.254216,2.0,America/New_York,P1.11,USA,2024-08-01 14:00:00-04:00,null
101+53219,MOUNTAIN RD,EASTBOUND,FREEMANVILLE RD,GA,CHEROKEE,30004,34.19383,-84.30702,34.18579,-84.299,0.766358,2.0,America/New_York,P1.11,USA,2024-08-01 14:00:00-04:00,null
101+53216,FREEMANVILLE RD,NORTHBOUND,MOUNTAIN RD,GA,FULTON,30004,34.17897,-84.30522,34.18538,-84.29995,0.621285,6.0,America/New_York,P1.11,USA,2024-08-01 14:00:00-04:00,null
101+14332,GA-9,NORTHBOUND,DEERFIELD PKY,GA,FULTON,30004,34.09841,-84.27145,34.10591,-84.26957,0.529778,4.0,America/New_York,P1.11,USA,2024-08-01 14:00:00-04:00,null
101N20091,HEMBREE RD,WESTBOUND,OLD ROSWELL RD,GA,FULTON,30076,34.06087,-84.30878,34.06087,-84.30931,0.030403,3.0,America/New_York,P1.11,USA,2024-08-01 14:00:00-04:00,null
101-53130,COGBURN RD,SOUTHBOUND,BETHANY BND/BETHANY RD,GA,FULTON,30004,34.13761,-84.28442,34.11945,-84.27659,1.355946,2.0,America/New_York,P1.11,USA,2024-08-01 14:00:00-04:00,null
101-53251,CUMMING ST,WESTBOUND,GA-9/N MAIN ST,GA,FULTON,30004,34.08418,-84.27316,34.07856,-84.29348,1.25975,2.0,America/New_York,P1.11,USA,2024-08-01 14:00:00-04:00,null
101N20092,HEMBREE RD,WESTBOUND,WESTSIDE PKWY,GA,FULTON,30076,34.05866,-84.29935,34.05893,-84.29962,0.024212,1.0,America/New_York,P1.11,USA,2024-08-01 14:00:00-04:00,null
101+14331,GA-9,NORTHBOUND,WEBB RD,GA,FULTON,30004,34.09452,-84.27829,34.09796,-84.2718,0.458264,2.0,America/New_York,P1.11,USA,2024-08-01 14:00:00-04:00,null
101N53309,BROADWELL RD,SOUTHBOUND,GA-372/CRABAPPLE RD/MAYFIELD RD,GA,FULTON,30004,34.09008,-84.33949,34.08983,-84.33946,0.017317,1.0,America/New_York,P1.11,USA,2024-08-01 14:00:00-04:00,null
101N53308,BROADWELL RD,SOUTHBOUND,RUCKER RD,GA,FULTON,30004,34.07933,-84.33979,34.07844,-84.34001,0.062629,3.0,America/New_York,P1.11,USA,2024-08-01 14:00:00-04:00,null
101P53212,FREEMANVILLE RD,NORTHBOUND,PROVIDENCE RD,GA,FULTON,30004,34.1194,-84.33021,34.1197,-84.32998,0.034858,2.5,America/New_York,P1.11,USA,2024-08-01 14:00:00-04:00,null
101P53211,FREEMANVILLE RD,NORTHBOUND,MAYFIELD RD,GA,FULTON,30009,34.09577,-84.33038,34.09602,-84.33043,0.017468,1.0,America/New_York,P1.11,USA,2024-08-01 14:00:00-04:00,null
101+53309,BROADWELL RD,NORTHBOUND,GA-372/CRABAPPLE RD/MAYFIELD RD,GA,FULTON,30004,34.07933,-84.33979,34.08983,-84.33946,0.725347,2.0,America/New_York,P1.11,USA,2024-08-01 14:00:00-04:00,null
101P20199,OLD ROSWELL RD,NORTHBOUND,WESTSIDE PKWY,GA,FULTON,30076,34.04413,-84.31959,34.04455,-84.31987,0.033114,1.0,America/New_York,P1.11,USA,2024-08-01 14:00:00-04:00,null
101N53142,CHARLOTTE DR,SOUTHBOUND,MAYFIELD RD,GA,FULTON,30004,34.09096,-84.33614,34.09068,-84.33606,0.030369,1.0,America/New_York,P1.11,USA,2024-08-01 14:00:00-04:00,null
101N53141,CHARLOTTE DR,SOUTHBOUND,MID BROADWELL RD,GA,FULTON,30004,34.08825,-84.33502,34.0876,-84.33473,0.047788,3.0,America/New_York,P1.11,USA,2024-08-01 14:00:00-04:00,null
101N06954,STATE BRIDGE RD,EASTBOUND,GA-120/KIMBALL BRIDGE RD,GA,FULTON,30005,34.05569,-84.23127,34.0553,-84.23099,0.031314,3.0,America/New_York,P1.11,USA,2024-08-01 14:00:00-04:00,null
101P20194,WILLS RD,NORTHBOUND,OLD ROSWELL RD,GA,FULTON,30076,34.05857,-84.31135,34.05874,-84.31157,0.017221,1.0,America/New_York,P1.11,USA,2024-08-01 14:00:00-04:00,null
101P20197,WILLS RD,NORTHBOUND,MARIETTA ST/OLD MILTON PKWY/RUCKER RD,GA,FULTON,30076,34.07276,-84.31089,34.0729,-84.31083,0.010245,6.0,America/New_York,P1.11,USA,2024-08-01 14:00:00-04:00,null
101P20196,WILLS RD,NORTHBOUND,GA-9/GA-120/S MAIN ST/ALPHARETTA HWY,GA,FULTON,30076,34.06591,-84.31188,34.06623,-84.31189,0.022067,4.0,America/New_York,P1.11,USA,2024-08-01 14:00:00-04:00,null
101N05622,WINDWARD PKY W,EASTBOUND,US-19/GA-400,GA,FULTON,30004,34.08756,-84.2637,34.08817,-84.26048,0.190165,3.0,America/New_York,P1.11,USA,2024-08-01 14:00:00-04:00,null
101N06953,STATE BRIDGE RD,EASTBOUND,GA-120/OLD MILTON PKY,GA,FULTON,30005,34.05779,-84.23287,34.05763,-84.2327,0.014721,1.0,America/New_York,P1.11,USA,2024-08-01 14:00:00-04:00,null
101N14346,NORTH POINT PKY,SOUTHBOUND,WINDWARD PKY,GA,FULTON,30004,34.08881,-84.25703,34.08868,-84.25699,0.009251,2.0,America/New_York,P1.11,USA,2024-08-01 14:00:00-04:00,null
101N14344,NORTH POINT PKY,SOUTHBOUND,GA-120/OLD MILTON PKY,GA,FULTON,30005,34.06813,-84.26121,34.06761,-84.26148,0.039048,5.0,America/New_York,P1.11,USA,2024-08-01 14:00:00-04:00,null
101N14342,NORTH POINT PKY,SOUTHBOUND,HAYNES BRIDGE RD,GA,FULTON,30076,34.04866,-84.28644,34.04864,-84.28663,0.010988,8.0,America/New_York,P1.11,USA,2024-08-01 14:00:00-04:00,null
101N14341,NORTH POINT PKY,SOUTHBOUND,MANSELL RD,GA,FULTON,30076,34.03818,-84.30636,34.03768,-84.30649,0.035277,10.0,America/New_York,P1.11,USA,2024-08-01 14:00:00-04:00,null
101N14340,DEERFIELD PKY,SOUTHBOUND,GA-9/CUMMING HWY,GA,FULTON,30004,34.1065,-84.26944,34.10644,-84.26907,0.021613,2.0,America/New_York,P1.11,USA,2024-08-01 14:00:00-04:00,null
101-53164,HOPEWELL RD,SOUTHBOUND,BETHANY WAY/BETHANY RD,GA,FULTON,30004,34.12449,-84.30163,34.11737,-84.2952,0.627675,11.0,America/New_York,P1.11,USA,2024-08-01 14:00:00-04:00,null
101-53163,HOPEWELL RD,SOUTHBOUND,BETHANY RD/BETHANY BND,GA,FULTON,30004,34.11737,-84.2952,34.11611,-84.29448,0.09662,12.0,America/New_York,P1.11,USA,2024-08-01 14:00:00-04:00,null
101-53162,HOPEWELL RD,SOUTHBOUND,CANTON ST,GA,FULTON,30004,34.11575,-84.29448,34.08873,-84.29628,1.958528,13.0,America/New_York,P1.11,USA,2024-08-01 14:00:00-04:00,null
101-53161,HOPEWELL RD,SOUTHBOUND,PEBBLE TRL,GA,FULTON,30009,34.08873,-84.29628,34.08707,-84.29645,0.114832,14.0,America/New_York,P1.11,USA,2024-08-01 14:00:00-04:00,null
101P53201,MULLINAX RD,NORTHBOUND,UNION HILL RD,GA,FORSYTH,30004,34.13266,-84.22641,34.1329,-84.2264,0.016552,1.0,America/New_York,P1.11,USA,2024-08-01 14:00:00-04:00,null
101+53319,SARGENT RD,EASTBOUND,MCGINNIS FERRY RD,GA,FULTON,30005,34.06885,-84.20644,34.07011,-84.17877,1.619005,2.0,America/New_York,P1.11,USA,2024-08-01 14:00:00-04:00,null
101N20110,WATERS RD,SOUTHBOUND,KIMBALL BRIDGE RD,GA,FULTON,30022,34.04606,-84.25845,34.04562,-84.25873,0.034319,1.0,America/New_York,P1.11,USA,2024-08-01 14:00:00-04:00,null
101+53316,CLUB HOUSE DR,EASTBOUND,DOUGLAS RD,GA,FULTON,30005,34.08919,-84.22648,34.08786,-84.20648,1.556711,2.0,America/New_York,P1.11,USA,2024-08-01 14:00:00-04:00,null
101N14350,HAYNES BRIDGE RD,SOUTHBOUND,NORTH POINT PKY,GA,FULTON,30076,34.04864,-84.28663,34.04848,-84.28661,0.011087,9.0,America/New_York,P1.11,USA,2024-08-01 14:00:00-04:00,null
101P53309,BROADWELL RD,NORTHBOUND,GA-372/CRABAPPLE RD/MAYFIELD RD,GA,FULTON,30004,34.08983,-84.33946,34.09008,-84.33949,0.017317,3.0,America/New_York,P1.11,USA,2024-08-01 14:00:00-04:00,null
101N53131,COGBURN RD,SOUTHBOUND,HOPEWELL RD/FRANCIS RD,GA,FULTON,30004,34.13787,-84.28453,34.13761,-84.28442,0.028474,1.0,America/New_York,P1.8,USA,2024-08-01 14:00:00-04:00,null
101N53252,CUMMING ST/UNION HILL RD,WESTBOUND,WESTSIDE PKWY,GA,FULTON,30004,34.08417,-84.27314,34.08418,-84.27316,0.001338,1.0,America/New_York,P1.11,USA,2024-08-01 14:00:00-04:00,null
101N53251,CUMMING ST,WESTBOUND,GA-9/N MAIN ST,GA,FULTON,30009,34.07856,-84.29348,34.07853,-84.29447,0.056829,3.0,America/New_York,P1.11,USA,2024-08-01 14:00:00-04:00,null
101+20195,WILLS RD,NORTHBOUND,HEMBREE RD,GA,FULTON,30076,34.05874,-84.31157,34.06089,-84.31202,0.157224,2.0,America/New_York,P1.11,USA,2024-08-01 14:00:00-04:00,null
101N20109,WATERS RD,SOUTHBOUND,JONES BRIDGE RD,GA,FULTON,30022,34.03092,-84.24956,34.03,-84.24909,0.068962,3.0,America/New_York,P1.11,USA,2024-08-01 14:00:00-04:00,null
101N14354,HAYNES BRIDGE RD,SOUTHBOUND,ACADEMY ST,GA,FULTON,30076,34.07563,-84.29101,34.07532,-84.29109,0.022302,1.0,America/New_York,P1.11,USA,2024-08-01 14:00:00-04:00,null
101N14353,HAYNES BRIDGE RD,SOUTHBOUND,GA-120/MADDOX ST/OLD MILTON PKY,GA,FULTON,30076,34.07099,-84.29373,34.07083,-84.29373,0.011028,3.0,America/New_York,P1.11,USA,2024-08-01 14:00:00-04:00,null
101N14352,HAYNES BRIDGE RD,SOUTHBOUND,MORRISON PKY/WESTSIDE PKY,GA,FULTON,30076,34.0604,-84.28923,34.06022,-84.28906,0.015788,5.0,America/New_York,P1.11,USA,2024-08-01 14:00:00-04:00,null
101N14351,HAYNES BRIDGE RD,SOUTHBOUND,US-19/GA-400/TURNER MCDONALD PKY,GA,FULTON,30076,34.05648,-84.28649,34.05369,-84.28553,0.200122,7.0,America/New_York,P1.11,USA,2024-08-01 14:00:00-04:00,null
101-53153,BETHANY RD,SOUTHBOUND,MAYFIELD RD,GA,FULTON,30009,34.11483,-84.31446,34.09615,-84.32636,1.504009,4.0,America/New_York,P1.11,USA,2024-08-01 14:00:00-04:00,null
101-53152,BETHANY RD,SOUTHBOUND,MID BROADWELL RD,GA,FULTON,30009,34.09588,-84.32635,34.0873,-84.32639,0.593544,5.0,America/New_York,P1.11,USA,2024-08-01 14:00:00-04:00,null
101P53311,DOUGLAS RD,NORTHBOUND,JONES BRIDGE RD,GA,FULTON,30005,34.07005,-84.20529,34.07088,-84.20536,0.057348,1.0,America/New_York,P1.11,USA,2024-08-01 14:00:00-04:00,null
101N07820,GA-120,WESTBOUND,JONES BRIDGE RD,GA,FULTON,30097,34.06433,-84.21132,34.06484,-84.21273,0.088656,16.0,America/New_York,P1.11,USA,2024-08-01 14:00:00-04:00,null
101N53242,HAGOOD RD/HAYGOOD RD,SOUTHBOUND,REDD RD,GA,FULTON,30004,34.12446,-84.30384,34.12358,-84.30384,0.060654,1.0,America/New_York,P1.11,USA,2024-08-01 14:00:00-04:00,null
101N53241,HAGOOD RD/HAYGOOD RD,SOUTHBOUND,BETHANY WAY/BETHANY RD,GA,FULTON,30004,34.11801,-84.30685,34.11785,-84.307,0.013984,3.0,America/New_York,P1.11,USA,2024-08-01 14:00:00-04:00,null
101P20092,HEMBREE RD,EASTBOUND,WESTSIDE PKWY,GA,FULTON,30076,34.05893,-84.29962,34.05866,-84.29935,0.024212,9.0,America/New_York,P1.11,USA,2024-08-01 14:00:00-04:00,null
101P20091,HEMBREE RD,EASTBOUND,OLD ROSWELL RD,GA,FULTON,30076,34.06087,-84.30931,34.06087,-84.30878,0.030403,7.0,America/New_York,P1.11,USA,2024-08-01 14:00:00-04:00,null
101-53064,MILTON AVE,WESTBOUND,WILLS RD,GA,FULTON,30009,34.07564,-84.29486,34.07684,-84.30839,0.789261,2.0,America/New_York,P1.11,USA,2024-08-01 14:00:00-04:00,null
101-53185,UNION HILL RD,SOUTHBOUND,MCFARLAND PKWY,GA,FORSYTH,30004,34.13193,-84.22689,34.13059,-84.23024,0.221308,4.0,America/New_York,P1.11,USA,2024-08-01 14:00:00-04:00,null
101-53184,UNION HILL RD,SOUTHBOUND,MCGINNIS FERRY RD/RONALD REAGAN BLVD,GA,FORSYTH,30004,34.1302,-84.23068,34.10173,-84.23572,2.123795,6.0,America/New_York,P1.11,USA,2024-08-01 14:00:00-04:00,null
101-53061,WEBB BRIDGE RD,EASTBOUND,NORTH POINT PKWY,GA,FULTON,30005,34.06118,-84.22545,34.07636,-84.2602,2.70238,4.0,America/New_York,P1.11,USA,2024-08-01 14:00:00-04:00,null
101-53060,WEBB BRIDGE RD,EASTBOUND,HOSPITALITY HWY,GA,FULTON,30022,34.07629,-84.26035,34.07476,-84.2686,0.50072,2.0,America/New_York,P1.11,USA,2024-08-01 14:00:00-04:00,null
101-53180,HOLBROOK CAMPGROUND RD,SOUTHBOUND,DREW RD,GA,CHEROKEE,30004,34.21299,-84.27119,34.2103,-84.2679,0.268211,3.0,America/New_York,P1.11,USA,2024-08-01 14:00:00-04:00,null
101+20092,HEMBREE RD,EASTBOUND,WESTSIDE PKWY,GA,FULTON,30076,34.06087,-84.30878,34.05893,-84.29962,0.577242,8.0,America/New_York,P1.11,USA,2024-08-01 14:00:00-04:00,null
101N53231,S THOMPSON RD,SOUTHBOUND,HOPEWELL RD,GA,FULTON,30004,34.15276,-84.28531,34.15298,-84.28554,0.031911,2.0,America/New_York,P1.11,USA,2024-08-01 14:00:00-04:00,null
101N53230,S THOMPSON RD,SOUTHBOUND,REDD RD,GA,FULTON,30004,34.12911,-84.30895,34.12775,-84.30951,0.09953,3.0,America/New_York,P1.11,USA,2024-08-01 14:00:00-04:00,null
101N07135,GA-120,WESTBOUND,US-19/GA-400/TURNER MCDONALD PKY,GA,FULTON,30076,34.06883,-84.27021,34.06878,-84.27338,0.18189,20.0,America/New_York,P1.11,USA,2024-08-01 14:00:00-04:00,null
101+20091,HEMBREE RD,EASTBOUND,OLD ROSWELL RD,GA,FULTON,30076,34.06089,-84.31202,34.06087,-84.30931,0.155471,6.0,America/New_York,P1.11,USA,2024-08-01 14:00:00-04:00,null
101N14335,GA-9,SOUTHBOUND,GA-371/POST RD/MULLINAX RD,GA,FORSYTH,30040,34.15897,-84.23628,34.1588,-84.23672,0.027801,3.0,America/New_York,P1.11,USA,2024-08-01 14:00:00-04:00,null
101N14334,GA-9,SOUTHBOUND,MCFARLAND RD/NINE MCFARLAND DR,GA,FORSYTH,30040,34.13631,-84.24879,34.13621,-84.24885,0.007703,5.0,America/New_York,P1.11,USA,2024-08-01 14:00:00-04:00,null
101N14333,GA-9,SOUTHBOUND,BETHANY BND/BETHANY RD,GA,FULTON,30004,34.11891,-84.2701,34.11804,-84.26995,0.060578,7.0,America/New_York,P1.11,USA,2024-08-01 14:00:00-04:00,null
101N07134,GA-120,WESTBOUND,HAYNES BRIDGE RD,GA,FULTON,30076,34.07098,-84.29356,34.07099,-84.29373,0.009775,22.0,America/New_York,P1.11,USA,2024-08-01 14:00:00-04:00,null
101N14332,GA-9,SOUTHBOUND,DEERFIELD PKY,GA,FULTON,30004,34.10695,-84.26936,34.10591,-84.26957,0.07271,9.0,America/New_York,P1.11,USA,2024-08-01 14:00:00-04:00,null
101N14331,GA-9,SOUTHBOUND,WEBB RD,GA,FULTON,30004,34.09841,-84.27145,34.09796,-84.2718,0.036943,11.0,America/New_York,P1.11,USA,2024-08-01 14:00:00-04:00,null
101N14330,GA-9,SOUTHBOUND,WINDWARD PKY W,GA,FULTON,30004,34.09452,-84.27829,34.09432,-84.27868,0.026272,13.0,America/New_York,P1.11,USA,2024-08-01 14:00:00-04:00,null
101-53054,WINDWARD PKY W,EASTBOUND,MCGINNIS FERRY RD,GA,FULTON,30005,34.08959,-84.22646,34.09392,-84.21019,1.232324,2.5,America/New_York,P1.11,USA,2024-08-01 14:00:00-04:00,null
101-53175,BETHANY BND/BETHANY RD,WESTBOUND,GA-9/ALPHARETTA HWY/CUMMING HWY,GA,FULTON,30004,34.10483,-84.2542,34.11787,-84.26954,1.346782,2.0,America/New_York,P1.11,USA,2024-08-01 14:00:00-04:00,null
101-53174,BETHANY BND/BETHANY RD,WESTBOUND,COGBURN RD,GA,FULTON,30004,34.11884,-84.27044,34.11945,-84.27659,0.391415,4.0,America/New_York,P1.11,USA,2024-08-01 14:00:00-04:00,null
101-53173,BETHANY BND/BETHANY RD,WESTBOUND,HOPEWELL RD,GA,FULTON,30004,34.11945,-84.27659,34.11587,-84.29333,1.030846,5.0,America/New_York,P1.11,USA,2024-08-01 14:00:00-04:00,null
101-53170,HOPEWELL RD,SOUTHBOUND,MOUNTAIN RD,GA,FULTON,30004,34.19109,-84.27546,34.17827,-84.27229,0.938938,2.0,America/New_York,P1.11,USA,2024-08-01 14:00:00-04:00,null
101N18183,MORRIS RD,SOUTHBOUND,DEERFIELD PKWY,GA,FULTON,30004,34.09069,-84.26937,34.09058,-84.26968,0.019326,3.0,America/New_York,P1.11,USA,2024-08-01 14:00:00-04:00,null
101+18187,OLD MILTON PKWY,EASTBOUND,GA-9/GA-120/S MAIN ST,GA,FULTON,30076,34.0729,-84.31057,34.07126,-84.29752,0.762421,2.0,America/New_York,P1.11,USA,2024-08-01 14:00:00-04:00,null
101N18184,MORRIS RD,SOUTHBOUND,BETHANY BND/MCGINNIS FERRY RD,GA,FULTON,30004,34.10432,-84.2541,34.10404,-84.25465,0.037071,1.0,America/New_York,P1.11,USA,2024-08-01 14:00:00-04:00,null
101N18187,OLD MILTON PKWY,WESTBOUND,GA-9/GA-120/S MAIN ST,GA,FULTON,30076,34.07126,-84.29664,34.07138,-84.29735,0.041556,3.0,America/New_York,P1.11,USA,2024-08-01 14:00:00-04:00,null
101N18186,OLD MILTON PKWY,WESTBOUND,WILLS RD,GA,FULTON,30076,34.07303,-84.31059,34.07304,-84.31078,0.010919,1.0,America/New_York,P1.11,USA,2024-08-01 14:00:00-04:00,null
101N18189,ACADEMY ST,WESTBOUND,GA-9/N MAIN ST,GA,FULTON,30076,34.07562,-84.29407,34.07563,-84.29455,0.027539,3.0,America/New_York,P1.11,USA,2024-08-01 14:00:00-04:00,null
101N53065,MILTON AVE,WESTBOUND,GA-9/S MAIN ST/ALPHARETTA HWY/N MAIN ST,GA,FULTON,30009,34.07563,-84.29455,34.07564,-84.29486,0.017793,1.0,America/New_York,P1.11,USA,2024-08-01 14:00:00-04:00,null
101N53186,UNION HILL RD,SOUTHBOUND,MULLINAX RD,GA,FORSYTH,30004,34.13274,-84.22605,34.13193,-84.22689,0.079518,3.0,America/New_York,P1.11,USA,2024-08-01 14:00:00-04:00,null
101N53064,MILTON AVE,WESTBOUND,WILLS RD,GA,FULTON,30009,34.07684,-84.30839,34.07728,-84.30898,0.045546,3.0,America/New_York,P1.11,USA,2024-08-01 14:00:00-04:00,null
101N53185,UNION HILL RD,SOUTHBOUND,MCFARLAND PKWY,GA,FORSYTH,30004,34.13059,-84.23024,34.1302,-84.23068,0.03686,5.0,America/New_York,P1.11,USA,2024-08-01 14:00:00-04:00,null
101N53184,UNION HILL RD,SOUTHBOUND,MCGINNIS FERRY RD/RONALD REAGAN BLVD,GA,FORSYTH,30005,34.10173,-84.23572,34.10147,-84.23543,0.024719,7.0,America/New_York,P1.11,USA,2024-08-01 14:00:00-04:00,null
101N53062,WEBB BRIDGE RD,EASTBOUND,GA-120/KIMBALL BRIDGE RD,GA,FULTON,30005,34.06088,-84.22527,34.06118,-84.22545,0.023112,5.0,America/New_York,P1.11,USA,2024-08-01 14:00:00-04:00,null
101N18181,WESTSIDE PKWY,SOUTHBOUND,WINDWARD PKWY,GA,FULTON,30004,34.08771,-84.26955,34.08717,-84.26975,0.038948,1.0,America/New_York,P1.11,USA,2024-08-01 14:00:00-04:00,null
101N53061,WEBB BRIDGE RD,EASTBOUND,NORTH POINT PKWY,GA,FULTON,30022,34.07636,-84.2602,34.07629,-84.26035,0.009864,3.0,America/New_York,P1.11,USA,2024-08-01 14:00:00-04:00,null
101N18180,WESTSIDE PKWY,SOUTHBOUND,ACADEMY ST,GA,FULTON,30076,34.07514,-84.27136,34.07443,-84.27162,0.051163,3.0,America/New_York,P1.11,USA,2024-08-01 14:00:00-04:00,null
101N53060,WEBB BRIDGE RD,EASTBOUND,HOSPITALITY HWY,GA,FULTON,30022,34.07476,-84.2686,34.07476,-84.26893,0.018927,1.0,America/New_York,P1.11,USA,2024-08-01 14:00:00-04:00,null
101N53181,HOLBROOK CAMPGROUND RD,SOUTHBOUND,BIRMINGHAM RD,GA,CHEROKEE,30004,34.21311,-84.27126,34.21299,-84.27119,0.016228,2.5,America/New_York,P1.11,USA,2024-08-01 14:00:00-04:00,null
101P18190,ACADEMY ST,EASTBOUND,WEBB BRIDGE RD,GA,FULTON,30076,34.07492,-84.27196,34.07478,-84.2707,0.0732,1.0,America/New_York,P1.11,USA,2024-08-01 14:00:00-04:00,null
101+18180,WESTSIDE PKWY,NORTHBOUND,ACADEMY ST,GA,FULTON,30076,34.06905,-84.28303,34.07436,-84.2715,0.86581,8.0,America/New_York,P1.11,USA,2024-08-01 14:00:00-04:00,null
101+18181,WESTSIDE PKWY,NORTHBOUND,WINDWARD PKWY,GA,FULTON,30004,34.0751,-84.27123,34.08713,-84.2696,1.004924,10.0,America/New_York,P1.11,USA,2024-08-01 14:00:00-04:00,null
101+18184,MORRIS RD,NORTHBOUND,BETHANY BND/MCGINNIS FERRY RD,GA,FULTON,30004,34.09062,-84.26919,34.10404,-84.25465,1.329394,2.0,America/New_York,P1.11,USA,2024-08-01 14:00:00-04:00,null
101N51790,GA-372,SOUTHBOUND,GA-140/ARNOLD MILL RD/HOUZE RD,GA,FULTON,30075,34.08235,-84.35708,34.08201,-84.35728,0.026094,16.0,America/New_York,P1.11,USA,2024-08-01 14:00:00-04:00,null
101-18189,ACADEMY ST,WESTBOUND,GA-9/N MAIN ST,GA,FULTON,30076,34.07492,-84.27196,34.07562,-84.29407,1.278412,2.0,America/New_York,P1.11,USA,2024-08-01 14:00:00-04:00,null
101N53055,WINDWARD PKY W,EASTBOUND,CLUB HOUSE DR,GA,FULTON,30005,34.08952,-84.22663,34.08959,-84.22646,0.010877,2.5,America/New_York,P1.11,USA,2024-08-01 14:00:00-04:00,null
101N53176,BETHANY BND/BETHANY RD,WESTBOUND,MORRIS RD/MCGINNIS FERRY RD,GA,FORSYTH,30004,34.10432,-84.2541,34.10483,-84.2542,0.035616,1.0,America/New_York,P1.11,USA,2024-08-01 14:00:00-04:00,null
101N53054,WINDWARD PKY W,EASTBOUND,MCGINNIS FERRY RD,GA,FULTON,30005,34.09392,-84.21019,34.09421,-84.20982,0.029186,2.5,America/New_York,P1.11,USA,2024-08-01 14:00:00-04:00,null
101N53175,BETHANY BND/BETHANY RD,WESTBOUND,GA-9/ALPHARETTA HWY/CUMMING HWY,GA,FULTON,30004,34.11787,-84.26954,34.11884,-84.27044,0.084504,3.0,America/New_York,P1.11,USA,2024-08-01 14:00:00-04:00,null
101N18190,ACADEMY ST,WESTBOUND,WEBB BRIDGE RD,GA,FULTON,30076,34.07478,-84.2707,34.07492,-84.27196,0.0732,1.0,America/New_York,P1.11,USA,2024-08-01 14:00:00-04:00,null
101N53173,BETHANY BND/BETHANY RD,WESTBOUND,HOPEWELL RD,GA,FULTON,30004,34.11587,-84.29333,34.11594,-84.29426,0.053683,6.0,America/New_York,P1.11,USA,2024-08-01 14:00:00-04:00,null
101N53171,HOPEWELL RD/HOLBROOK CAMPGROUND RD,SOUTHBOUND,WILKIE RD,GA,CHEROKEE,30004,34.19135,-84.27526,34.19109,-84.27546,0.021347,1.0,America/New_York,P1.11,USA,2024-08-01 14:00:00-04:00,null
101-18183,MORRIS RD,SOUTHBOUND,DEERFIELD PKWY,GA,FULTON,30004,34.10404,-84.25465,34.09069,-84.26937,1.32784,2.0,America/New_York,P1.11,USA,2024-08-01 14:00:00-04:00,null
101P18183,MORRIS RD,NORTHBOUND,DEERFIELD PKWY,GA,FULTON,30004,34.09046,-84.26961,34.09062,-84.26919,0.026489,1.0,America/New_York,P1.11,USA,2024-08-01 14:00:00-04:00,null
101-18186,OLD MILTON PKWY,WESTBOUND,WILLS RD,GA,FULTON,30076,34.07138,-84.29735,34.07303,-84.31059,0.773537,2.0,America/New_York,P1.11,USA,2024-08-01 14:00:00-04:00,null
101P18181,WESTSIDE PKWY,NORTHBOUND,WINDWARD PKWY,GA,FULTON,30004,34.08713,-84.2696,34.08773,-84.26936,0.043585,11.0,America/New_York,P1.11,USA,2024-08-01 14:00:00-04:00,null
101P18180,WESTSIDE PKWY,NORTHBOUND,ACADEMY ST,GA,FULTON,30076,34.07436,-84.2715,34.0751,-84.27123,0.053307,9.0,America/New_York,P1.11,USA,2024-08-01 14:00:00-04:00,null
101+18190,ACADEMY ST,EASTBOUND,WEBB BRIDGE RD,GA,FULTON,30076,34.07562,-84.29407,34.07492,-84.27196,1.278412,2.0,America/New_York,P1.11,USA,2024-08-01 14:00:00-04:00,null
101P18187,OLD MILTON PKWY,EASTBOUND,GA-9/GA-120/S MAIN ST,GA,FULTON,30076,34.07126,-84.29752,34.07111,-84.29676,0.044801,3.0,America/New_York,P1.11,USA,2024-08-01 14:00:00-04:00,null
101P18186,OLD MILTON PKWY,EASTBOUND,WILLS RD,GA,FULTON,30076,34.0729,-84.31083,34.0729,-84.31057,0.014913,1.0,America/New_York,P1.11,USA,2024-08-01 14:00:00-04:00,null
101P18184,MORRIS RD,NORTHBOUND,BETHANY BND/MCGINNIS FERRY RD,GA,FULTON,30004,34.10404,-84.25465,34.10432,-84.2541,0.037071,3.0,America/New_York,P1.11,USA,2024-08-01 14:00:00-04:00,null
101-18180,WESTSIDE PKWY,SOUTHBOUND,ACADEMY ST,GA,FULTON,30076,34.08717,-84.26975,34.07514,-84.27136,1.005008,2.0,America/New_York,P1.11,USA,2024-08-01 14:00:00-04:00,null
101P18189,ACADEMY ST,EASTBOUND,GA-9/N MAIN ST,GA,FULTON,30076,34.07563,-84.29455,34.07562,-84.29407,0.027539,3.0,America/New_York,P1.11,USA,2024-08-01 14:00:00-04:00,null
101-14378,JONES BRIDGE RD,SOUTHBOUND,SARGENT RD,GA,FULTON,30097,34.08541,-84.18968,34.06901,-84.2069,1.534727,1.0,America/New_York,P1.11,USA,2024-08-01 14:00:00-04:00,null
101-14377,JONES BRIDGE RD,SOUTHBOUND,GA-120/ABBOTTS BRG RD,GA,FULTON,30097,34.06901,-84.2069,34.06484,-84.21273,0.440964,2.0,America/New_York,P1.11,USA,2024-08-01 14:00:00-04:00,null
101-14376,JONES BRIDGE RD,SOUTHBOUND,STATE BRIDGE RD,GA,FULTON,30022,34.06446,-84.2132,34.04707,-84.22272,1.332133,4.0,America/New_York,P1.11,USA,2024-08-01 14:00:00-04:00,null
101-14375,JONES BRIDGE RD,SOUTHBOUND,BUICE RD,GA,FULTON,30022,34.0462,-84.22339,34.03678,-84.23484,0.928069,6.0,America/New_York,P1.11,USA,2024-08-01 14:00:00-04:00,null
101-14374,JONES BRIDGE RD,SOUTHBOUND,OLD ALABAMA RD,GA,FULTON,30022,34.03678,-84.23484,34.02421,-84.25268,1.406039,7.0,America/New_York,P1.11,USA,2024-08-01 14:00:00-04:00,null
101P53061,WEBB BRIDGE RD,WESTBOUND,NORTH POINT PKWY,GA,FULTON,30022,34.07629,-84.26035,34.07636,-84.2602,0.009864,3.0,America/New_York,P1.11,USA,2024-08-01 14:00:00-04:00,null
101-14373,JONES BRIDGE RD,SOUTHBOUND,BARNWELL RD,GA,FULTON,30022,34.02421,-84.25268,34.01521,-84.25083,0.667906,8.0,America/New_York,P1.13,USA,2024-08-01 14:00:00-04:00,null
101P53060,WEBB BRIDGE RD,WESTBOUND,HOSPITALITY HWY,GA,FULTON,30022,34.07476,-84.26893,34.07476,-84.2686,0.018927,5.0,America/New_York,P1.11,USA,2024-08-01 14:00:00-04:00,null
101P53181,HOLBROOK CAMPGROUND RD,NORTHBOUND,BIRMINGHAM RD,GA,CHEROKEE,30040,34.21299,-84.27119,34.21311,-84.27126,0.013508,4.5,America/New_York,P1.11,USA,2024-08-01 14:00:00-04:00,null
101-18179,WESTSIDE PKWY,SOUTHBOUND,GA-120/OLD MILTON PKWY,GA,FULTON,30076,34.07443,-84.27162,34.06907,-84.2832,0.871459,4.0,America/New_York,P1.11,USA,2024-08-01 14:00:00-04:00,null
101N53166,HOPEWELL RD,SOUTHBOUND,FRANCIS RD/COGBURN RD,GA,FULTON,30004,34.13787,-84.28453,34.13768,-84.28461,0.01598,9.0,America/New_York,P1.8,USA,2024-08-01 14:00:00-04:00,null
101-18178,WESTSIDE PKWY,SOUTHBOUND,HAYNES BRIDGE RD,GA,FULTON,30076,34.06891,-84.28323,34.06075,-84.28864,0.699788,6.0,America/New_York,P1.11,USA,2024-08-01 14:00:00-04:00,null
101-19944,OLD ALABAMA RD,WESTBOUND,NESBIT FERRY RD,GA,FULTON,30076,34.0214,-84.27,34.02025,-84.27593,0.374726,6.0,America/New_York,P1.11,USA,2024-08-01 14:00:00-04:00,null
101P20051,OLD ALABAMA RD CONN,NORTHBOUND,MANSELL RD,GA,FULTON,30076,34.03713,-84.29169,34.03752,-84.29194,0.030469,3.0,America/New_York,P1.11,USA,2024-08-01 14:00:00-04:00,null
101N53161,HOPEWELL RD,SOUTHBOUND,PEBBLE TRL,GA,FULTON,30009,34.08707,-84.29645,34.08659,-84.29649,0.033163,15.0,America/New_York,P1.11,USA,2024-08-01 14:00:00-04:00,null
101-18171,MANSELL RD,WESTBOUND,N POINT PKWY,GA,FULTON,30076,34.03772,-84.29207,34.03787,-84.30645,0.8292,3.0,America/New_York,P1.11,USA,2024-08-01 14:00:00-04:00,null
101-18170,MANSELL RD,WESTBOUND,US-19/TURNER MCDONALD PKWY,GA,FULTON,30076,34.03787,-84.30645,34.03847,-84.30877,0.139417,4.0,America/New_York,P1.11,USA,2024-08-01 14:00:00-04:00,null
101+53171,HOPEWELL RD/HOLBROOK CAMPGROUND RD,NORTHBOUND,WILKIE RD,GA,FULTON,30004,34.17827,-84.27229,34.19109,-84.27546,0.938938,14.0,America/New_York,P1.11,USA,2024-08-01 14:00:00-04:00,null
101-18172,MANSELL RD,WESTBOUND,OLD ALABAMA RD CONN,GA,FULTON,30076,34.04107,-84.28547,34.03772,-84.29207,0.451379,2.0,America/New_York,P1.11,USA,2024-08-01 14:00:00-04:00,null
101+53170,HOPEWELL RD,NORTHBOUND,MOUNTAIN RD,GA,FULTON,30004,34.16588,-84.27547,34.17827,-84.27229,0.880826,13.0,America/New_York,P1.11,USA,2024-08-01 14:00:00-04:00,null
101-18177,WESTSIDE PKWY,SOUTHBOUND,HEMBREE RD,GA,FULTON,30076,34.06032,-84.28916,34.05866,-84.29935,0.614928,8.0,America/New_York,P1.11,USA,2024-08-01 14:00:00-04:00,null
101-18176,WESTSIDE PKWY,SOUTHBOUND,OLD ROSWELL RD,GA,FULTON,30076,34.05866,-84.29935,34.04413,-84.31959,1.759574,9.0,America/New_York,P1.11,USA,2024-08-01 14:00:00-04:00,null
101N14362,RUCKER RD,WESTBOUND,WILLS RD,GA,FULTON,30076,34.07304,-84.31078,34.07304,-84.31092,0.00803,1.0,America/New_York,P1.11,USA,2024-08-01 14:00:00-04:00,null
101-14371,MCGINNIS FERRY RD,EASTBOUND,TIDWELL DR,GA,FULTON,30004,34.10436,-84.25395,34.10358,-84.24656,0.438222,2.0,America/New_York,P1.11,USA,2024-08-01 14:00:00-04:00,null
101P53184,UNION HILL RD,NORTHBOUND,MCGINNIS FERRY RD/RONALD REAGAN BLVD,GA,FORSYTH,30005,34.10147,-84.23543,34.10186,-84.23556,0.028369,1.0,America/New_York,P1.11,USA,2024-08-01 14:00:00-04:00,null
101-14370,MCGINNIS FERRY RD,EASTBOUND,MCFARLAND RD,GA,FORSYTH,30004,34.10358,-84.24656,34.09981,-84.21605,2.037838,3.0,America/New_York,P1.11,USA,2024-08-01 14:00:00-04:00,null
101P53062,WEBB BRIDGE RD,WESTBOUND,GA-120/KIMBALL BRIDGE RD,GA,FULTON,30005,34.06118,-84.22545,34.06088,-84.22527,0.023112,1.0,America/New_York,P1.11,USA,2024-08-01 14:00:00-04:00,null
101P53065,MILTON AVE,EASTBOUND,GA-9/S MAIN ST/ALPHARETTA HWY/N MAIN ST,GA,FULTON,30009,34.07564,-84.29486,34.07563,-84.29455,0.017793,3.0,America/New_York,P1.11,USA,2024-08-01 14:00:00-04:00,null
101P53186,UNION HILL RD,NORTHBOUND,MULLINAX RD,GA,FORSYTH,30004,34.13266,-84.22641,34.13274,-84.22605,0.02147,5.0,America/New_York,P1.11,USA,2024-08-01 14:00:00-04:00,null
101P53064,MILTON AVE,EASTBOUND,WILLS RD,GA,FULTON,30009,34.07728,-84.30898,34.07684,-84.30839,0.045546,1.0,America/New_York,P1.11,USA,2024-08-01 14:00:00-04:00,null
101P53185,UNION HILL RD,NORTHBOUND,MCFARLAND PKWY,GA,FORSYTH,30004,34.13018,-84.23051,34.13075,-84.22909,0.093702,3.0,America/New_York,P1.11,USA,2024-08-01 14:00:00-04:00,null
101P53189,SHILOH RD,NORTHBOUND,MCFARLAND PKWY,GA,FORSYTH,30005,34.10571,-84.21705,34.10582,-84.21659,0.027511,1.0,America/New_York,P1.11,USA,2024-08-01 14:00:00-04:00,null
101N18173,MANSELL RD,WESTBOUND,HAYNES BRIDGE RD,GA,FULTON,30076,34.04126,-84.28474,34.04107,-84.28547,0.044151,1.0,America/New_York,P1.11,USA,2024-08-01 14:00:00-04:00,null
101+51798,GA-372,NORTHBOUND,MOUNTAIN RD,GA,FULTON,30115,34.16885,-84.3318,34.19437,-84.30731,2.328336,10.0,America/New_York,P1.11,USA,2024-08-01 14:00:00-04:00,null
101+51797,GA-372,NORTHBOUND,NEW BULLPEN RD,GA,FULTON,30115,34.1666,-84.33323,34.16885,-84.3318,0.17567,9.0,America/New_York,P1.11,USA,2024-08-01 14:00:00-04:00,null
101N18178,WESTSIDE PKWY,SOUTHBOUND,HAYNES BRIDGE RD,GA,FULTON,30076,34.06075,-84.28864,34.06032,-84.28916,0.043093,7.0,America/New_York,P1.11,USA,2024-08-01 14:00:00-04:00,null
101P53171,HOPEWELL RD/HOLBROOK CAMPGROUND RD,NORTHBOUND,WILKIE RD,GA,CHEROKEE,30004,34.19109,-84.27546,34.19135,-84.27526,0.021347,15.0,America/New_York,P1.11,USA,2024-08-01 14:00:00-04:00,null
101+51799,GA-372,NORTHBOUND,BIRMINGHAM RD,GA,CHEROKEE,30115,34.19437,-84.30731,34.20654,-84.28932,1.48933,11.0,America/New_York,P1.11,USA,2024-08-01 14:00:00-04:00,null
101N14372,MCGINNIS FERRY RD,EASTBOUND,BETHANY BND/MORRIS RD,GA,FORSYTH,30004,34.10432,-84.2541,34.10436,-84.25395,0.009031,5.001,America/New_York,P1.11,USA,2024-08-01 14:00:00-04:00,null
101P20045,NESBIT FERRY RD,NORTHBOUND,GA-140/HOLCOMB BRIDGE RD,GA,FULTON,30350,33.98877,-84.27372,33.98922,-84.27338,0.03666,1.0,America/New_York,P1.11,USA,2024-08-01 14:00:00-04:00,null
101N53153,BETHANY RD,SOUTHBOUND,MAYFIELD RD,GA,FULTON,30009,34.09615,-84.32636,34.09588,-84.32635,0.024552,4.5,America/New_York,P1.11,USA,2024-08-01 14:00:00-04:00,null
101-18169,MANSELL RD,WESTBOUND,OLD ROSWELL RD/WESTSIDE PKWY,GA,FULTON,30076,34.03983,-84.31327,34.0409,-84.32335,0.598765,6.0,America/New_York,P1.11,USA,2024-08-01 14:00:00-04:00,null
101N53152,BETHANY RD,SOUTHBOUND,MID BROADWELL RD,GA,FULTON,30004,34.0873,-84.32639,34.08707,-84.32642,0.024663,6.0,America/New_York,P1.11,USA,2024-08-01 14:00:00-04:00,null
101N53150,MAYFIELD RD,WESTBOUND,GA-9/N MAIN ST,GA,FULTON,30009,34.08113,-84.29471,34.08118,-84.2957,0.056888,1.0,America/New_York,P1.11,USA,2024-08-01 14:00:00-04:00,null
101N18170,MANSELL RD,WESTBOUND,US-19/TURNER MCDONALD PKWY,GA,FULTON,30076,34.03847,-84.30877,34.03983,-84.31327,0.274771,5.0,America/New_York,P1.11,USA,2024-08-01 14:00:00-04:00,null
101P20043,SCOTT RD,NORTHBOUND,NESBIT FERRY RD,GA,FULTON,30076,34.01193,-84.28192,34.01232,-84.28129,0.045124,3.0,America/New_York,P1.11,USA,2024-08-01 14:00:00-04:00,null
101-20195,WILLS RD,SOUTHBOUND,HEMBREE RD,GA,FULTON,30076,34.06591,-84.31188,34.06089,-84.31202,0.346182,4.0,America/New_York,P1.11,USA,2024-08-01 14:00:00-04:00,null
101-20196,WILLS RD,SOUTHBOUND,GA-9/GA-120/S MAIN ST/ALPHARETTA HWY,GA,FULTON,30076,34.07276,-84.31089,34.06623,-84.31189,0.458883,2.0,America/New_York,P1.11,USA,2024-08-01 14:00:00-04:00,null
101N14379,JONES BRIDGE RD,SOUTHBOUND,MCGINNIS FERRY RD,GA,FULTON,30041,34.08545,-84.18955,34.08541,-84.18968,0.007949,1.001,America/New_York,P1.11,USA,2024-08-01 14:00:00-04:00,null
101+53061,WEBB BRIDGE RD,WESTBOUND,NORTH POINT PKWY,GA,FULTON,30022,34.07476,-84.2686,34.07629,-84.26035,0.50072,4.0,America/New_York,P1.11,USA,2024-08-01 14:00:00-04:00,null
101N14377,JONES BRIDGE RD,SOUTHBOUND,GA-120/ABBOTTS BRG RD,GA,FULTON,30097,34.06484,-84.21273,34.06446,-84.2132,0.037597,3.0,America/New_York,P1.11,USA,2024-08-01 14:00:00-04:00,null
101+53062,WEBB BRIDGE RD,WESTBOUND,GA-120/KIMBALL BRIDGE RD,GA,FULTON,30005,34.07636,-84.2602,34.06118,-84.22545,2.70238,2.0,America/New_York,P1.11,USA,2024-08-01 14:00:00-04:00,null
101+53180,HOLBROOK CAMPGROUND RD,NORTHBOUND,DREW RD,GA,CHEROKEE,30004,34.20373,-84.26694,34.2103,-84.2679,0.458488,3.0,America/New_York,P1.11,USA,2024-08-01 14:00:00-04:00,null
101N14376,JONES BRIDGE RD,SOUTHBOUND,STATE BRIDGE RD,GA,FULTON,30022,34.04707,-84.22272,34.0462,-84.22339,0.072021,5.0,America/New_York,P1.11,USA,2024-08-01 14:00:00-04:00,null
101+53181,HOLBROOK CAMPGROUND RD,NORTHBOUND,BIRMINGHAM RD,GA,CHEROKEE,30004,34.2103,-84.2679,34.21299,-84.27119,0.268211,4.0,America/New_York,P1.11,USA,2024-08-01 14:00:00-04:00,null
101N14373,JONES BRIDGE RD,SOUTHBOUND,BARNWELL RD,GA,FULTON,30022,34.01521,-84.25083,34.01507,-84.25082,0.009676,8.001,America/New_York,P1.13,USA,2024-08-01 14:00:00-04:00,null
101-20194,WILLS RD,SOUTHBOUND,OLD ROSWELL RD,GA,FULTON,30076,34.06089,-84.31202,34.05874,-84.31157,0.157224,5.0,America/New_York,P1.11,USA,2024-08-01 14:00:00-04:00,null
101-14360,RUCKER RD,WESTBOUND,GA-140/HOUZE RD,GA,FULTON,30075,34.07844,-84.34001,34.07771,-84.35534,0.899763,3.0,America/New_York,P1.11,USA,2024-08-01 14:00:00-04:00,null
101P53173,BETHANY BND/BETHANY RD,EASTBOUND,HOPEWELL RD,GA,FULTON,30004,34.11594,-84.29426,34.11587,-84.29333,0.053683,1.0,America/New_York,P1.11,USA,2024-08-01 14:00:00-04:00,null
101N18179,WESTSIDE PKWY,SOUTHBOUND,GA-120/OLD MILTON PKWY,GA,FULTON,30076,34.06907,-84.2832,34.06891,-84.28323,0.011161,5.0,America/New_York,P1.11,USA,2024-08-01 14:00:00-04:00,null
101P53054,WINDWARD PKY W,WESTBOUND,MCGINNIS FERRY RD,GA,FULTON,30005,34.09421,-84.20982,34.09392,-84.21019,0.029186,1.5,America/New_York,P1.11,USA,2024-08-01 14:00:00-04:00,null
101P53175,BETHANY BND/BETHANY RD,EASTBOUND,GA-9/ALPHARETTA HWY/CUMMING HWY,GA,FULTON,30004,34.11884,-84.27044,34.11787,-84.26954,0.084504,4.0,America/New_York,P1.11,USA,2024-08-01 14:00:00-04:00,null
101P51790,GA-372,NORTHBOUND,GA-140/ARNOLD MILL RD/HOUZE RD,GA,FULTON,30075,34.08201,-84.35728,34.08235,-84.35708,0.026094,1.0,America/New_York,P1.11,USA,2024-08-01 14:00:00-04:00,null
101P53056,WINDWARD PKY W,WESTBOUND,WINDWARD CON,GA,FULTON,30005,34.09475,-84.23914,34.09474,-84.23932,0.010344,1.5,America/New_York,P1.11,USA,2024-08-01 14:00:00-04:00,null
101P53055,WINDWARD PKY W,WESTBOUND,CLUB HOUSE DR,GA,FULTON,30005,34.08976,-84.22656,34.0897,-84.22673,0.01059,1.5,America/New_York,P1.11,USA,2024-08-01 14:00:00-04:00,null
101P53176,BETHANY BND/BETHANY RD,EASTBOUND,MORRIS RD/MCGINNIS FERRY RD,GA,FORSYTH,30004,34.10483,-84.2542,34.10432,-84.2541,0.035616,6.0,America/New_York,P1.11,USA,2024-08-01 14:00:00-04:00,null
101P53057,WINDWARD PKY W,WESTBOUND,NORTH POINT PKWY,GA,FULTON,30022,34.08881,-84.25688,34.08881,-84.25703,0.008602,1.5,America/New_York,P1.11,USA,2024-08-01 14:00:00-04:00,null
101P53178,HOLBROOK CAMPGROUND RD,NORTHBOUND,WILKIE RD,GA,CHEROKEE,30004,34.19135,-84.27526,34.19207,-84.27376,0.099852,1.0,America/New_York,P1.11,USA,2024-08-01 14:00:00-04:00,null
101P14354,HAYNES BRIDGE RD,NORTHBOUND,ACADEMY ST,GA,FULTON,30076,34.07531,-84.29097,34.07563,-84.29101,0.022592,14.0,America/New_York,P1.11,USA,2024-08-01 14:00:00-04:00,null
101P14353,HAYNES BRIDGE RD,NORTHBOUND,GA-120/MADDOX ST/OLD MILTON PKY,GA,FULTON,30076,34.07081,-84.29356,34.07098,-84.29356,0.011717,12.0,America/New_York,P1.11,USA,2024-08-01 14:00:00-04:00,null
101-14353,HAYNES BRIDGE RD,SOUTHBOUND,GA-120/MADDOX ST/OLD MILTON PKY,GA,FULTON,30076,34.07532,-84.29109,34.07099,-84.29373,0.359258,2.0,America/New_York,P1.11,USA,2024-08-01 14:00:00-04:00,null
101P14358,HARDSCRABBLE RD,EASTBOUND,GA-140/ARNOLD MILL RD/HOUZE RD,GA,FULTON,30075,34.08184,-84.35735,34.08201,-84.35728,0.012386,5.0,America/New_York,P1.11,USA,2024-08-01 14:00:00-04:00,null
101-14352,HAYNES BRIDGE RD,SOUTHBOUND,MORRISON PKY/WESTSIDE PKY,GA,FULTON,30076,34.07083,-84.29373,34.0604,-84.28923,0.783799,4.0,America/New_York,P1.11,USA,2024-08-01 14:00:00-04:00,null
101-14351,HAYNES BRIDGE RD,SOUTHBOUND,US-19/GA-400/TURNER MCDONALD PKY,GA,FULTON,30076,34.06022,-84.28906,34.05648,-84.28649,0.298557,6.0,America/New_York,P1.11,USA,2024-08-01 14:00:00-04:00,null
101-14350,HAYNES BRIDGE RD,SOUTHBOUND,NORTH POINT PKY,GA,FULTON,30076,34.05369,-84.28553,34.04864,-84.28663,0.35673,8.0,America/New_York,P1.11,USA,2024-08-01 14:00:00-04:00,null
101P14359,RUCKER RD,EASTBOUND,CRABAPPLE RD,GA,FULTON,30075,34.0778,-84.35962,34.07776,-84.35944,0.010685,5.001,America/New_York,P1.11,USA,2024-08-01 14:00:00-04:00,null
101P20110,WATERS RD,NORTHBOUND,KIMBALL BRIDGE RD,GA,FULTON,30022,34.04562,-84.25873,34.04606,-84.25845,0.034319,3.0,America/New_York,P1.11,USA,2024-08-01 14:00:00-04:00,null
101-53318,SARGENT RD,WESTBOUND,JONES BRIDGE RD,GA,FULTON,30005,34.07011,-84.17877,34.06885,-84.20644,1.61739,2.0,America/New_York,P1.11,USA,2024-08-01 14:00:00-04:00,null
101+07135,GA-120,EASTBOUND,US-19/GA-400/TURNER MCDONALD PKY,GA,FULTON,30076,34.07081,-84.29356,34.0686,-84.27331,1.186171,62.0,America/New_York,P1.11,USA,2024-08-01 14:00:00-04:00,null
101+07134,GA-120,EASTBOUND,HAYNES BRIDGE RD,GA,FULTON,30076,34.07111,-84.29676,34.07083,-84.29373,0.174934,60.0,America/New_York,P1.11,USA,2024-08-01 14:00:00-04:00,null
101+53150,MAYFIELD RD,EASTBOUND,GA-9/N MAIN ST,GA,FULTON,30009,34.08152,-84.29725,34.08118,-84.2957,0.09225,7.0,America/New_York,P1.11,USA,2024-08-01 14:00:00-04:00,null
101P07820,GA-120,EASTBOUND,JONES BRIDGE RD,GA,FULTON,30097,34.06484,-84.21474,34.06467,-84.2127,0.118092,67.0,America/New_York,P1.11,USA,2024-08-01 14:00:00-04:00,null
101+14343,NORTH POINT PKY,NORTHBOUND,KIMBALL BRIDGE RD,GA,FULTON,30076,34.04849,-84.28643,34.05468,-84.27606,0.783933,4.0,America/New_York,P1.11,USA,2024-08-01 14:00:00-04:00,null
101P53161,HOPEWELL RD,NORTHBOUND,PEBBLE TRL,GA,FULTON,30009,34.08659,-84.29649,34.08707,-84.29645,0.033163,1.0,America/New_York,P1.11,USA,2024-08-01 14:00:00-04:00,null
101+14344,NORTH POINT PKY,NORTHBOUND,GA-120/OLD MILTON PKY,GA,FULTON,30005,34.05472,-84.27526,34.06755,-84.26131,1.294824,5.0,America/New_York,P1.11,USA,2024-08-01 14:00:00-04:00,null
101+14342,NORTH POINT PKY,NORTHBOUND,HAYNES BRIDGE RD,GA,FULTON,30076,34.03818,-84.30636,34.04848,-84.28661,1.397779,2.0,America/New_York,P1.11,USA,2024-08-01 14:00:00-04:00,null
101P14350,HAYNES BRIDGE RD,NORTHBOUND,NORTH POINT PKY,GA,FULTON,30076,34.04849,-84.28643,34.04866,-84.28644,0.011731,6.0,America/New_York,P1.11,USA,2024-08-01 14:00:00-04:00,null
101P53166,HOPEWELL RD,NORTHBOUND,FRANCIS RD/COGBURN RD,GA,FULTON,30004,34.13768,-84.28461,34.13787,-84.28453,0.042774,7.0,America/New_York,P1.8,USA,2024-08-01 14:00:00-04:00,null
101+14340,DEERFIELD PKY,NORTHBOUND,GA-9/CUMMING HWY,GA,FULTON,30004,34.09801,-84.26436,34.10659,-84.26909,0.763985,5.0,America/New_York,P1.11,USA,2024-08-01 14:00:00-04:00,null
101P14352,HAYNES BRIDGE RD,NORTHBOUND,MORRISON PKY/WESTSIDE PKY,GA,FULTON,30076,34.06041,-84.28891,34.06071,-84.28921,0.026917,10.0,America/New_York,P1.11,USA,2024-08-01 14:00:00-04:00,null
101P14351,HAYNES BRIDGE RD,NORTHBOUND,US-19/GA-400/TURNER MCDONALD PKY,GA,FULTON,30076,34.05373,-84.28538,34.05612,-84.28613,0.170274,8.0,America/New_York,P1.11,USA,2024-08-01 14:00:00-04:00,null
101P53167,HOPEWELL RD,NORTHBOUND,THOMPSON RD/S THOMPSON RD,GA,FULTON,30004,34.15272,-84.28547,34.15302,-84.28535,0.02973,9.0,America/New_York,P1.11,USA,2024-08-01 14:00:00-04:00,null
101P14343,NORTH POINT PKY,NORTHBOUND,KIMBALL BRIDGE RD,GA,FULTON,30022,34.05468,-84.27606,34.05472,-84.27526,0.046028,4.5,America/New_York,P1.11,USA,2024-08-01 14:00:00-04:00,null
101N20196,WILLS RD,SOUTHBOUND,GA-9/GA-120/S MAIN ST/ALPHARETTA HWY,GA,FULTON,30076,34.06623,-84.31189,34.06591,-84.31188,0.022067,3.0,America/New_York,P1.11,USA,2024-08-01 14:00:00-04:00,null
101+07819,GA-120,EASTBOUND,STATE BRIDGE RD/KIMBALL BRIDGE RD,GA,FULTON,30005,34.06867,-84.27043,34.05779,-84.23287,2.305183,64.0,America/New_York,P1.11,USA,2024-08-01 14:00:00-04:00,null
101P14342,NORTH POINT PKY,NORTHBOUND,HAYNES BRIDGE RD,GA,FULTON,30076,34.04848,-84.28661,34.04849,-84.28643,0.01035,3.0,America/New_York,P1.11,USA,2024-08-01 14:00:00-04:00,null
101N20197,WILLS RD,SOUTHBOUND,MARIETTA ST/OLD MILTON PKWY/RUCKER RD,GA,FULTON,30076,34.0729,-84.31083,34.07276,-84.31089,0.010245,1.0,America/New_York,P1.11,USA,2024-08-01 14:00:00-04:00,null
101-14345,NORTH POINT PKY,SOUTHBOUND,WEBB BRIDGE RD,GA,FULTON,30004,34.08868,-84.25699,34.07629,-84.26035,0.912368,3.0,America/New_York,P1.11,USA,2024-08-01 14:00:00-04:00,null
101-14344,NORTH POINT PKY,SOUTHBOUND,GA-120/OLD MILTON PKY,GA,FULTON,30005,34.07629,-84.26035,34.06813,-84.26121,0.784263,4.0,America/New_York,P1.11,USA,2024-08-01 14:00:00-04:00,null
101P14344,NORTH POINT PKY,NORTHBOUND,GA-120/OLD MILTON PKY,GA,FULTON,30005,34.06755,-84.26131,34.06774,-84.26121,0.014298,6.0,America/New_York,P1.11,USA,2024-08-01 14:00:00-04:00,null
101-14343,NORTH POINT PKY,SOUTHBOUND,KIMBALL BRIDGE RD,GA,FULTON,30076,34.06761,-84.26148,34.05485,-84.27525,1.283438,6.0,America/New_York,P1.11,USA,2024-08-01 14:00:00-04:00,null
101-14342,NORTH POINT PKY,SOUTHBOUND,HAYNES BRIDGE RD,GA,FULTON,30076,34.05485,-84.27525,34.04866,-84.28644,0.830789,7.0,America/New_York,P1.11,USA,2024-08-01 14:00:00-04:00,null
101P14347,HAYNES BRIDGE RD,NORTHBOUND,OLD ALABAMA RD,GA,FULTON,30076,34.0214,-84.27,34.02154,-84.26997,0.009818,3.001,America/New_York,P1.11,USA,2024-08-01 14:00:00-04:00,null
101-14341,NORTH POINT PKY,SOUTHBOUND,MANSELL RD,GA,FULTON,30076,34.04864,-84.28663,34.03818,-84.30636,1.401386,9.0,America/New_York,P1.11,USA,2024-08-01 14:00:00-04:00,null
101P14346,NORTH POINT PKY,NORTHBOUND,WINDWARD PKY,GA,FULTON,30004,34.0887,-84.25685,34.08881,-84.25688,0.007774,9.0,America/New_York,P1.11,USA,2024-08-01 14:00:00-04:00,null
101N20194,WILLS RD,SOUTHBOUND,OLD ROSWELL RD,GA,FULTON,30076,34.05874,-84.31157,34.05857,-84.31135,0.017221,6.0,America/New_York,P1.11,USA,2024-08-01 14:00:00-04:00,null
101P07134,GA-120,EASTBOUND,HAYNES BRIDGE RD,GA,FULTON,30076,34.07083,-84.29373,34.07081,-84.29356,0.009848,61.0,America/New_York,P1.11,USA,2024-08-01 14:00:00-04:00,null
101-20090,HEMBREE RD,WESTBOUND,WILLS RD,GA,FULTON,30076,34.06087,-84.30931,34.06089,-84.31202,0.155471,4.0,America/New_York,P1.11,USA,2024-08-01 14:00:00-04:00,null
101P07135,GA-120,EASTBOUND,US-19/GA-400/TURNER MCDONALD PKY,GA,FULTON,30076,34.0686,-84.27331,34.06867,-84.27043,0.165326,63.0,America/New_York,P1.11,USA,2024-08-01 14:00:00-04:00,null
101-20091,HEMBREE RD,WESTBOUND,OLD ROSWELL RD,GA,FULTON,30076,34.05893,-84.29962,34.06087,-84.30878,0.577242,2.0,America/New_York,P1.11,USA,2024-08-01 14:00:00-04:00,null
101-53308,BROADWELL RD,SOUTHBOUND,RUCKER RD,GA,FULTON,30004,34.08983,-84.33946,34.07933,-84.33979,0.725347,2.0,America/New_York,P1.11,USA,2024-08-01 14:00:00-04:00,null
101+53162,HOPEWELL RD,NORTHBOUND,CANTON ST,GA,FULTON,30009,34.08707,-84.29645,34.08873,-84.29628,0.114832,2.0,America/New_York,P1.11,USA,2024-08-01 14:00:00-04:00,null
101+07820,GA-120,EASTBOUND,JONES BRIDGE RD,GA,FULTON,30097,34.05908,-84.22814,34.06484,-84.21474,0.876546,66.0,America/New_York,P1.11,USA,2024-08-01 14:00:00-04:00,null
101+14354,HAYNES BRIDGE RD,NORTHBOUND,ACADEMY ST,GA,FULTON,30076,34.07098,-84.29356,34.07531,-84.29097,0.35542,13.0,America/New_York,P1.11,USA,2024-08-01 14:00:00-04:00,null
101P53150,MAYFIELD RD,EASTBOUND,GA-9/N MAIN ST,GA,FULTON,30009,34.08118,-84.2957,34.08113,-84.29471,0.056888,8.0,America/New_York,P1.11,USA,2024-08-01 14:00:00-04:00,null
101+20106,KIMBALL BRIDGE RD,EASTBOUND,GA-120/STATE BRIDGE RD,GA,FULTON,30005,34.04913,-84.23971,34.05524,-84.23159,0.639215,6.0,America/New_York,P1.11,USA,2024-08-01 14:00:00-04:00,null
101-07135,GA-120,WESTBOUND,US-19/GA-400/TURNER MCDONALD PKY,GA,FULTON,30076,34.05869,-84.23401,34.06883,-84.27021,2.211821,19.0,America/New_York,P1.11,USA,2024-08-01 14:00:00-04:00,null
101P53153,BETHANY RD,NORTHBOUND,MAYFIELD RD,GA,FULTON,30009,34.0959,-84.32622,34.09614,-84.32619,0.01883,2.5,America/New_York,P1.11,USA,2024-08-01 14:00:00-04:00,null
101+14352,HAYNES BRIDGE RD,NORTHBOUND,MORRISON PKY/WESTSIDE PKY,GA,FULTON,30076,34.05612,-84.28613,34.06041,-84.28891,0.337815,9.0,America/New_York,P1.11,USA,2024-08-01 14:00:00-04:00,null
101+20107,KIMBALL BRIDGE RD,EASTBOUND,GA-120,GA,FULTON,30005,34.05578,-84.23106,34.05746,-84.23002,0.130262,8.0,America/New_York,P1.11,USA,2024-08-01 14:00:00-04:00,null
101-07134,GA-120,WESTBOUND,HAYNES BRIDGE RD,GA,FULTON,30076,34.06878,-84.27338,34.07098,-84.29356,1.182232,21.0,America/New_York,P1.11,USA,2024-08-01 14:00:00-04:00,null
101P53152,BETHANY RD,NORTHBOUND,MID BROADWELL RD,GA,FULTON,30004,34.08707,-84.32642,34.0873,-84.32639,0.023864,1.0,America/New_York,P1.11,USA,2024-08-01 14:00:00-04:00,null
101+14353,HAYNES BRIDGE RD,NORTHBOUND,GA-120/MADDOX ST/OLD MILTON PKY,GA,FULTON,30076,34.06071,-84.28921,34.07081,-84.29356,0.75845,11.0,America/New_York,P1.11,USA,2024-08-01 14:00:00-04:00,null
101+14350,HAYNES BRIDGE RD,NORTHBOUND,NORTH POINT PKY,GA,FULTON,30076,34.04126,-84.28474,34.04849,-84.28643,0.517303,5.0,America/New_York,P1.11,USA,2024-08-01 14:00:00-04:00,null
101+14351,HAYNES BRIDGE RD,NORTHBOUND,US-19/GA-400/TURNER MCDONALD PKY,GA,FULTON,30076,34.04866,-84.28644,34.05373,-84.28538,0.359251,7.0,America/New_York,P1.11,USA,2024-08-01 14:00:00-04:00,null
101P14341,NORTH POINT PKY,NORTHBOUND,MANSELL RD,GA,FULTON,30076,34.03768,-84.30649,34.03818,-84.30636,0.035277,1.0,America/New_York,P1.11,USA,2024-08-01 14:00:00-04:00,null
101P14340,DEERFIELD PKY,NORTHBOUND,GA-9/CUMMING HWY,GA,FULTON,30004,34.10659,-84.26909,34.10663,-84.26942,0.01912,6.0,America/New_York,P1.11,USA,2024-08-01 14:00:00-04:00,null
101P53156,BETHANY RD/BETHANY WAY,NORTHBOUND,HOPEWELL RD,GA,FULTON,30004,34.11702,-84.29749,34.11737,-84.2952,0.13472,5.0,America/New_York,P1.11,USA,2024-08-01 14:00:00-04:00,null
101P14376,JONES BRIDGE RD,NORTHBOUND,STATE BRIDGE RD,GA,FULTON,30022,34.0462,-84.22339,34.04658,-84.22291,0.038275,4.0,America/New_York,P1.11,USA,2024-08-01 14:00:00-04:00,null
101N20043,SCOTT RD,SOUTHBOUND,NESBIT FERRY RD,GA,FULTON,30076,34.01232,-84.28129,34.01193,-84.28192,0.045124,1.0,America/New_York,P1.11,USA,2024-08-01 14:00:00-04:00,null
101-14334,GA-9,SOUTHBOUND,MCFARLAND RD/NINE MCFARLAND DR,GA,FORSYTH,30040,34.1588,-84.23672,34.13631,-84.24879,2.201422,4.0,America/New_York,P1.11,USA,2024-08-01 14:00:00-04:00,null
101-11186,GA-140,EASTBOUND,GA-372/CRABAPPLE RD,GA,FULTON,30075,34.09536,-84.36696,34.08201,-84.35728,1.131178,27.0,America/New_York,P1.11,USA,2024-08-01 14:00:00-04:00,null
101-14333,GA-9,SOUTHBOUND,BETHANY BND/BETHANY RD,GA,FULTON,30004,34.13621,-84.24885,34.11891,-84.2701,1.964885,6.0,America/New_York,P1.11,USA,2024-08-01 14:00:00-04:00,null
101P14377,JONES BRIDGE RD,NORTHBOUND,GA-120/ABBOTTS BRG RD,GA,FULTON,30097,34.06467,-84.2127,34.06479,-84.21253,0.012792,6.0,America/New_York,P1.11,USA,2024-08-01 14:00:00-04:00,null
101-14332,GA-9,SOUTHBOUND,DEERFIELD PKY,GA,FULTON,30004,34.11804,-84.26995,34.10695,-84.26936,0.770323,8.0,America/New_York,P1.11,USA,2024-08-01 14:00:00-04:00,null
101N20045,NESBIT FERRY RD,SOUTHBOUND,GA-140/HOLCOMB BRIDGE RD,GA,FULTON,30350,33.98922,-84.27338,33.98877,-84.27372,0.03666,6.0,America/New_York,P1.11,USA,2024-08-01 14:00:00-04:00,null
101-14331,GA-9,SOUTHBOUND,WEBB RD,GA,FULTON,30004,34.10591,-84.26957,34.09841,-84.27145,0.529778,10.0,America/New_York,P1.11,USA,2024-08-01 14:00:00-04:00,null
101-14330,GA-9,SOUTHBOUND,WINDWARD PKY W,GA,FULTON,30004,34.09796,-84.2718,34.09452,-84.27829,0.458264,12.0,America/New_York,P1.11,USA,2024-08-01 14:00:00-04:00,null
101P14379,JONES BRIDGE RD,NORTHBOUND,MCGINNIS FERRY RD,GA,FULTON,30041,34.08541,-84.18968,34.08545,-84.18955,0.007949,8.001,America/New_York,P1.11,USA,2024-08-01 14:00:00-04:00,null
101+53249,NEW PROVIDENCE RD,NORTHBOUND,GA-372/BIRMINGHAM HWY,GA,FULTON,30004,34.09057,-84.36152,34.11939,-84.3427,3.557082,2.0,America/New_York,P1.11,USA,2024-08-01 14:00:00-04:00,null
101+53129,COGBURN RD,NORTHBOUND,WINDWARD PKWY,GA,FULTON,30004,34.09229,-84.28562,34.09928,-84.27987,0.618746,2.0,America/New_York,P1.11,USA,2024-08-01 14:00:00-04:00,null
101-53219,MOUNTAIN RD,WESTBOUND,FREEMANVILLE RD,GA,FULTON,30004,34.17839,-84.27316,34.18579,-84.299,1.608786,2.0,America/New_York,P1.11,USA,2024-08-01 14:00:00-04:00,null
101-53218,MOUNTAIN RD/KING RD,WESTBOUND,GA-372/BIRMINGHAM RD,GA,CHEROKEE,30004,34.18579,-84.299,34.19383,-84.30702,0.766358,3.0,America/New_York,P1.11,USA,2024-08-01 14:00:00-04:00,null
101P18172,MANSELL RD,EASTBOUND,OLD ALABAMA RD CONN,GA,FULTON,30076,34.03737,-84.29252,34.0377,-84.29164,0.056073,11.0,America/New_York,P1.11,USA,2024-08-01 14:00:00-04:00,null
101P18170,MANSELL RD,EASTBOUND,US-19/TURNER MCDONALD PKWY,GA,FULTON,30076,34.03982,-84.31395,34.03842,-84.3093,0.283763,8.0,America/New_York,P1.11,USA,2024-08-01 14:00:00-04:00,null
101P53142,CHARLOTTE DR,NORTHBOUND,MAYFIELD RD,GA,FULTON,30004,34.09068,-84.33606,34.09096,-84.33614,0.031762,3.0,America/New_York,P1.11,USA,2024-08-01 14:00:00-04:00,null
101P18173,MANSELL RD,EASTBOUND,HAYNES BRIDGE RD,GA,FULTON,30076,34.04099,-84.28547,34.04126,-84.28474,0.045999,13.0,America/New_York,P1.11,USA,2024-08-01 14:00:00-04:00,null
101P53141,CHARLOTTE DR,NORTHBOUND,MID BROADWELL RD,GA,FULTON,30004,34.0876,-84.33473,34.08825,-84.33502,0.047788,1.0,America/New_York,P1.11,USA,2024-08-01 14:00:00-04:00,null
101P14372,MCGINNIS FERRY RD,WESTBOUND,BETHANY BND/MORRIS RD,GA,FORSYTH,30004,34.10436,-84.25395,34.10432,-84.2541,0.009031,12.001,America/New_York,P1.11,USA,2024-08-01 14:00:00-04:00,null
101+14361,RUCKER RD,EASTBOUND,BROADWELL RD/WALLACE WOODS LN,GA,FULTON,30075,34.07771,-84.35534,34.07844,-84.34001,0.899763,3.0,America/New_York,P1.11,USA,2024-08-01 14:00:00-04:00,null
101P53144,MAYFIELD RD,EASTBOUND,GA-372/BIRMINGHAM HWY/BROADWELL RD,GA,FULTON,30009,34.09008,-84.33949,34.09013,-84.33922,0.015862,1.0,America/New_York,P1.11,USA,2024-08-01 14:00:00-04:00,null
101-05622,WINDWARD PKY W,EASTBOUND,US-19/GA-400,GA,FULTON,30004,34.09424,-84.27882,34.08756,-84.2637,1.072056,2.0,America/New_York,P1.11,USA,2024-08-01 14:00:00-04:00,null
101P18179,WESTSIDE PKWY,NORTHBOUND,GA-120/OLD MILTON PKWY,GA,FULTON,30076,34.06784,-84.28329,34.06905,-84.28303,0.084837,7.0,America/New_York,P1.11,USA,2024-08-01 14:00:00-04:00,null
101P18178,WESTSIDE PKWY,NORTHBOUND,HAYNES BRIDGE RD,GA,FULTON,30076,34.06032,-84.28916,34.06041,-84.28891,0.015625,5.0,America/New_York,P1.11,USA,2024-08-01 14:00:00-04:00,null
101P14373,JONES BRIDGE RD,NORTHBOUND,BARNWELL RD,GA,FULTON,30022,34.01507,-84.25082,34.01521,-84.25083,0.009676,1.001,America/New_York,P1.13,USA,2024-08-01 14:00:00-04:00,null
101+14360,RUCKER RD,EASTBOUND,GA-140/HOUZE RD,GA,FULTON,30075,34.07776,-84.35944,34.07771,-84.35534,0.235278,2.0,America/New_York,P1.11,USA,2024-08-01 14:00:00-04:00,null
101P53145,MAYFIELD RD,EASTBOUND,CHARLOTTE DR,GA,FULTON,30004,34.09078,-84.33626,34.09087,-84.33593,0.031501,2.5,America/New_York,P1.11,USA,2024-08-01 14:00:00-04:00,null
101+18176,WESTSIDE PKWY,NORTHBOUND,OLD ROSWELL RD,GA,FULTON,30076,34.04175,-84.32425,34.04402,-84.3195,0.314269,2.0,America/New_York,P1.11,USA,2024-08-01 14:00:00-04:00,null
101+18177,WESTSIDE PKWY,NORTHBOUND,HEMBREE RD,GA,FULTON,30076,34.04402,-84.3195,34.05866,-84.29935,1.762674,3.0,America/New_York,P1.11,USA,2024-08-01 14:00:00-04:00,null
101+18178,WESTSIDE PKWY,NORTHBOUND,HAYNES BRIDGE RD,GA,FULTON,30076,34.05866,-84.29935,34.06032,-84.28916,0.614928,4.0,America/New_York,P1.11,USA,2024-08-01 14:00:00-04:00,null
101+18179,WESTSIDE PKWY,NORTHBOUND,GA-120/OLD MILTON PKWY,GA,FULTON,30076,34.06041,-84.28891,34.06784,-84.28329,0.660361,6.0,America/New_York,P1.11,USA,2024-08-01 14:00:00-04:00,null
101+53139,MID BROADWELL RD,EASTBOUND,WILLS RD,GA,FULTON,30004,34.08716,-84.32628,34.07763,-84.30937,1.267121,3.0,America/New_York,P1.11,USA,2024-08-01 14:00:00-04:00,null
101N20051,OLD ALABAMA RD CONN,SOUTHBOUND,MANSELL RD,GA,FULTON,30076,34.03752,-84.29194,34.03713,-84.29169,0.030469,1.0,America/New_York,P1.11,USA,2024-08-01 14:00:00-04:00,null
101-53208,MCFARLAND PKWY,SOUTHBOUND,UNION HILL RD,GA,FORSYTH,30004,34.13569,-84.24769,34.13057,-84.23085,1.079771,2.0,America/New_York,P1.11,USA,2024-08-01 14:00:00-04:00,null
101-53207,MCFARLAND PKWY,SOUTHBOUND,GA-400/US-19/TURNER MCDONALD PKWY/HOSPITALITY HWY,GA,FORSYTH,30004,34.13022,-84.22988,34.11609,-84.22325,1.129203,4.0,America/New_York,P1.11,USA,2024-08-01 14:00:00-04:00,null
101+14376,JONES BRIDGE RD,NORTHBOUND,STATE BRIDGE RD,GA,FULTON,30022,34.03678,-84.23484,34.0462,-84.22339,0.928069,3.0,America/New_York,P1.11,USA,2024-08-01 14:00:00-04:00,null
101+14377,JONES BRIDGE RD,NORTHBOUND,GA-120/ABBOTTS BRG RD,GA,FULTON,30097,34.04658,-84.22291,34.06467,-84.2127,1.395951,5.0,America/New_York,P1.11,USA,2024-08-01 14:00:00-04:00,null
101+18170,MANSELL RD,EASTBOUND,US-19/TURNER MCDONALD PKWY,GA,FULTON,30076,34.04167,-84.32444,34.03982,-84.31395,0.64914,7.0,America/New_York,P1.11,USA,2024-08-01 14:00:00-04:00,null
101P53252,CUMMING ST/UNION HILL RD,EASTBOUND,WESTSIDE PKWY,GA,FULTON,30004,34.08418,-84.27316,34.08417,-84.27314,0.001338,3.0,America/New_York,P1.11,USA,2024-08-01 14:00:00-04:00,null
101P53131,COGBURN RD,NORTHBOUND,HOPEWELL RD/FRANCIS RD,GA,FULTON,30004,34.13761,-84.28442,34.13787,-84.28453,0.030279,5.0,America/New_York,P1.8,USA,2024-08-01 14:00:00-04:00,null
101+14374,JONES BRIDGE RD,NORTHBOUND,OLD ALABAMA RD,GA,FULTON,30022,34.01521,-84.25083,34.02421,-84.25268,0.667906,1.0,America/New_York,P1.11,USA,2024-08-01 14:00:00-04:00,null
101+18171,MANSELL RD,EASTBOUND,N POINT PKWY,GA,FULTON,30076,34.03842,-84.3093,34.03768,-84.30649,0.169352,9.0,America/New_York,P1.11,USA,2024-08-01 14:00:00-04:00,null
101P53251,CUMMING ST,EASTBOUND,GA-9/N MAIN ST,GA,FULTON,30009,34.07853,-84.29447,34.07856,-84.29348,0.056829,1.0,America/New_York,P1.11,USA,2024-08-01 14:00:00-04:00,null
101+14375,JONES BRIDGE RD,NORTHBOUND,BUICE RD,GA,FULTON,30022,34.02421,-84.25268,34.03678,-84.23484,1.406039,2.0,America/New_York,P1.11,USA,2024-08-01 14:00:00-04:00,null
101+18172,MANSELL RD,EASTBOUND,OLD ALABAMA RD CONN,GA,FULTON,30076,34.03768,-84.30649,34.03737,-84.29252,0.80364,10.0,America/New_York,P1.11,USA,2024-08-01 14:00:00-04:00,null
101+14372,MCGINNIS FERRY RD,WESTBOUND,BETHANY BND/MORRIS RD,GA,FULTON,30004,34.10358,-84.24656,34.10436,-84.25395,0.438222,15.0,America/New_York,P1.11,USA,2024-08-01 14:00:00-04:00,null
101P53133,FRANCIS RD,EASTBOUND,HOPEWELL RD/COGBURN RD,GA,FULTON,30004,34.13779,-84.28431,34.13815,-84.28366,0.044944,1.0,America/New_York,P1.8,USA,2024-08-01 14:00:00-04:00,null
101+18173,MANSELL RD,EASTBOUND,HAYNES BRIDGE RD,GA,FULTON,30076,34.0377,-84.29164,34.04099,-84.28547,0.428525,12.0,America/New_York,P1.11,USA,2024-08-01 14:00:00-04:00,null
101+14370,MCGINNIS FERRY RD,WESTBOUND,MCFARLAND RD,GA,FULTON,30004,34.08545,-84.18955,34.09981,-84.21605,1.924306,13.0,America/New_York,P1.11,USA,2024-08-01 14:00:00-04:00,null
101P14362,RUCKER RD,EASTBOUND,WILLS RD,GA,FULTON,30076,34.07291,-84.31111,34.0729,-84.31083,0.016075,5.0,America/New_York,P1.11,USA,2024-08-01 14:00:00-04:00,null
101+14371,MCGINNIS FERRY RD,WESTBOUND,TIDWELL DR,GA,FORSYTH,30004,34.09981,-84.21605,34.10358,-84.24656,2.037838,14.0,America/New_York,P1.11,USA,2024-08-01 14:00:00-04:00,null
